git@github.com:tychobrouwer/arch-install-hyprland.git,arch-install-hyprland
git@github.com:tychobrouwer/arch-install-kde.git,arch-install-kde
git@github.com:tychobrouwer/esp32-remote-car.git,esp32-remote-car
git@github.com:tychobrouwer/mail-app-flutter.git,mail-app-flutter
git@github.com:tychobrouwer/my-wiki.git,my-wiki
git@github.com:tychobrouwer/personal-website-elm.git,personal-website-elm
git@github.com:tychobrouwer/tychobrouwer.git,tychobrouwer
git@github.com:tychobrouwer/ansible-ark-survival.git,ansible/ansible-ark-survival
git@github.com:tychobrouwer/ansible-arrs.git,ansible/ansible-arrs
git@github.com:tychobrouwer/ansible-factorio.git,ansible/ansible-factorio
git@github.com:tychobrouwer/ansible-git.git,ansible/ansible-git
git@github.com:tychobrouwer/ansible-gitea.git,ansible/ansible-gitea
git@github.com:tychobrouwer/ansible-jellyfin.git,ansible/ansible-jellyfin
git@github.com:tychobrouwer/ansible-kopia.git,ansible/ansible-kopia
git@github.com:tychobrouwer/ansible-lighttpd.git,ansible/ansible-lighttpd
git@github.com:tychobrouwer/ansible-lxc-mount.git,ansible/ansible-lxc-mount
git@github.com:tychobrouwer/ansible-lxc-nvidia.git,ansible/ansible-lxc-nvidia
git@github.com:tychobrouwer/ansible-lxc-start.git,ansible/ansible-lxc-start
git@github.com:tychobrouwer/ansible-minecraft.git,ansible/ansible-minecraft
git@github.com:tychobrouwer/ansible-nordvpn.git,ansible/ansible-nordvpn
git@github.com:tychobrouwer/ansible-pbs.git,ansible/ansible-pbs
git@github.com:tychobrouwer/ansible-pihole.git,ansible/ansible-pihole
git@github.com:tychobrouwer/ansible-playbooks.git,ansible/ansible-playbooks
git@github.com:tychobrouwer/ansible-portainer.git,ansible/ansible-portainer
git@github.com:tychobrouwer/ansible-proxmox.git,ansible/ansible-proxmox
git@github.com:tychobrouwer/ansible-qbittorrent-nox.git,ansible/ansible-qbittorrent-nox
git@github.com:tychobrouwer/ansible-samba.git,ansible/ansible-samba
git@github.com:tychobrouwer/ansible-ssh.git,ansible/ansible-ssh
git@github.com:tychobrouwer/ansible-upgrade-packages.git,ansible/ansible-upgrade-packages
git@github.com:tychobrouwer/ansible-wireguard.git,ansible/ansible-wireguard
